{"tiles":[{"x":0,"y":0},{"x":0,"y":50},{"x":0,"y":100},{"x":0,"y":150},{"x":0,"y":200},{"x":0,"y":250},{"x":0,"y":300},{"x":0,"y":350},{"x":0,"y":400},{"x":0,"y":450},{"x":50,"y":0},{"x":100,"y":0},{"x":150,"y":0},{"x":200,"y":0},{"x":250,"y":0},{"x":300,"y":0},{"x":350,"y":0},{"x":400,"y":0},{"x":450,"y":0},{"x":500,"y":0},{"x":550,"y":0},{"x":600,"y":0},{"x":650,"y":0},{"x":650,"y":50},{"x":650,"y":100},{"x":50,"y":50},{"x":350,"y":50},{"x":350,"y":100},{"x":300,"y":150},{"x":50,"y":300},{"x":100,"y":350},{"x":100,"y":400},{"x":150,"y":400},{"x":150,"y":450},{"x":50,"y":350},{"x":50,"y":400},{"x":50,"y":450},{"x":100,"y":450},{"x":350,"y":450},{"x":400,"y":450},{"x":450,"y":450},{"x":500,"y":450},{"x":550,"y":450},{"x":600,"y":450},{"x":650,"y":450},{"x":650,"y":400},{"x":650,"y":350},{"x":650,"y":300},{"x":600,"y":400},{"x":450,"y":400},{"x":600,"y":50},{"x":700,"y":300},{"x":700,"y":350},{"x":700,"y":400},{"x":700,"y":450},{"x":700,"y":0},{"x":700,"y":50},{"x":700,"y":100},{"x":750,"y":0},{"x":800,"y":0},{"x":850,"y":0},{"x":950,"y":0},{"x":900,"y":0},{"x":1000,"y":0},{"x":1050,"y":0},{"x":1100,"y":0},{"x":1150,"y":0},{"x":1200,"y":0},{"x":1250,"y":0},{"x":1300,"y":0},{"x":1350,"y":0},{"x":1350,"y":50},{"x":1350,"y":100},{"x":1350,"y":150},{"x":1350,"y":200},{"x":1350,"y":250},{"x":1350,"y":300},{"x":1350,"y":350},{"x":1350,"y":400},{"x":1350,"y":450},{"x":750,"y":450},{"x":900,"y":300},{"x":950,"y":250},{"x":1000,"y":300},{"x":950,"y":300},{"x":1000,"y":200},{"x":1050,"y":200},{"x":1100,"y":200},{"x":1050,"y":150},{"x":1150,"y":250},{"x":1100,"y":300},{"x":1150,"y":300},{"x":1200,"y":300},{"x":800,"y":450},{"x":850,"y":450},{"x":900,"y":450},{"x":750,"y":400},{"x":950,"y":450},{"x":1150,"y":450},{"x":1100,"y":450},{"x":1050,"y":450},{"x":1000,"y":450},{"x":1350,"y":500},{"x":1150,"y":500},{"x":1100,"y":500},{"x":1050,"y":500},{"x":1000,"y":500},{"x":950,"y":500},{"x":900,"y":500},{"x":850,"y":500},{"x":800,"y":500},{"x":750,"y":500},{"x":700,"y":500},{"x":1350,"y":550},{"x":1350,"y":600},{"x":1350,"y":650},{"x":1350,"y":700},{"x":1350,"y":750},{"x":1350,"y":800},{"x":1350,"y":850},{"x":1350,"y":900},{"x":1350,"y":950},{"x":1300,"y":950},{"x":1250,"y":950},{"x":1200,"y":950},{"x":1150,"y":950},{"x":1100,"y":950},{"x":1050,"y":950},{"x":1000,"y":950},{"x":950,"y":950},{"x":900,"y":950},{"x":850,"y":950},{"x":800,"y":950},{"x":750,"y":950},{"x":700,"y":950},{"x":700,"y":900},{"x":1300,"y":900},{"x":900,"y":650},{"x":900,"y":700},{"x":900,"y":750},{"x":900,"y":800},{"x":950,"y":650},{"x":1000,"y":650},{"x":1050,"y":700},{"x":1000,"y":750},{"x":900,"y":850},{"x":950,"y":800},{"x":1000,"y":850},{"x":1050,"y":900},{"x":900,"y":900},{"x":700,"y":850},{"x":750,"y":900},{"x":700,"y":550},{"x":750,"y":550},{"x":700,"y":600},{"x":750,"y":600},{"x":700,"y":650},{"x":650,"y":500},{"x":650,"y":550},{"x":650,"y":600},{"x":650,"y":650},{"x":650,"y":900},{"x":650,"y":850},{"x":650,"y":950},{"x":0,"y":500},{"x":0,"y":550},{"x":0,"y":600},{"x":0,"y":650},{"x":0,"y":700},{"x":0,"y":750},{"x":0,"y":800},{"x":0,"y":850},{"x":0,"y":900},{"x":0,"y":950},{"x":50,"y":950},{"x":100,"y":950},{"x":150,"y":950},{"x":200,"y":950},{"x":250,"y":950},{"x":300,"y":950},{"x":350,"y":950},{"x":400,"y":950},{"x":450,"y":950},{"x":500,"y":950},{"x":550,"y":950},{"x":600,"y":950},{"x":50,"y":900},{"x":50,"y":500},{"x":100,"y":500},{"x":150,"y":500},{"x":350,"y":500},{"x":400,"y":500},{"x":450,"y":500},{"x":500,"y":500},{"x":550,"y":500},{"x":600,"y":500},{"x":50,"y":550},{"x":200,"y":650},{"x":200,"y":700},{"x":200,"y":750},{"x":200,"y":800},{"x":200,"y":850},{"x":250,"y":750},{"x":300,"y":700},{"x":350,"y":650},{"x":200,"y":900},{"x":250,"y":800},{"x":300,"y":850},{"x":350,"y":900},{"x":50,"y":800},{"x":100,"y":900},{"x":50,"y":850},{"x":600,"y":550},{"x":600,"y":900}],"pots":[{"x":205,"y":155}]}